A:ALA:18	G1.HN.36	rgb(207, 112, 112)
A:ARG:19	G1.HN.37	rgb(207, 112, 112)
A:ARG:20	G1.HN.38	rgb(207, 112, 112)
A:ILE:21	G1.HN.39	rgb(207, 112, 112)
A:ASN:22	G1.HN.40	rgb(207, 112, 112)
A:ASP:23	G1.HN.41	rgb(207, 112, 112)
A:GLU:24	G1.HN.42	rgb(207, 112, 112)
A:ILE:25	G1.HN.43	rgb(207, 112, 112)
A:GLU:26	G1.HN.44	rgb(207, 112, 112)
A:ARG:27	G1.HN.45	rgb(207, 112, 112)
A:GLN:28	G1.HN.46	rgb(207, 112, 112)
A:LEU:29	G1.HN.47	rgb(207, 112, 112)
A:ARG:30	G1.HN.48	rgb(207, 112, 112)
A:ARG:31	G1.HN.49	rgb(207, 112, 112)
A:ASP:32	G1.HN.50	rgb(207, 112, 112)
A:LYS:33	G1.HN.51	rgb(207, 112, 112)
A:ARG:34	G1.HN.52	rgb(207, 112, 112)
A:ASP:35	G1.HN.53	rgb(207, 112, 112)
A:ALA:36	G1.hns1.1	rgb(221, 230, 222)
A:ARG:37	G1.hns1.2	rgb(221, 230, 222)
A:ARG:38	G1.hns1.3	rgb(221, 230, 222)
A:GLU:39	G1.S1.1	rgb(226, 223, 147)
A:LEU:40	G1.S1.2	rgb(226, 223, 147)
A:LYS:41	G1.S1.3	rgb(226, 223, 147)
A:LEU:42	G1.S1.4	rgb(226, 223, 147)
A:LEU:43	G1.S1.5	rgb(226, 223, 147)
A:LEU:44	G1.S1.6	rgb(226, 223, 147)
A:LEU:45	G1.S1.7	rgb(226, 223, 147)
A:GLY:46	G1.s1h1.1	rgb(221, 230, 222)
A:THR:47	G1.s1h1.2	rgb(221, 230, 222)
A:GLY:48	G1.s1h1.3	rgb(221, 230, 222)
A:GLU:49	G1.s1h1.4	rgb(221, 230, 222)
A:SER:50	G1.s1h1.5	rgb(221, 230, 222)
A:GLY:51	G1.s1h1.6	rgb(221, 230, 222)
A:LYS:52	G1.H1.1	rgb(207, 112, 112)
A:SER:53	G1.H1.2	rgb(207, 112, 112)
A:THR:54	G1.H1.3	rgb(207, 112, 112)
A:PHE:55	G1.H1.4	rgb(207, 112, 112)
A:ILE:56	G1.H1.5	rgb(207, 112, 112)
A:LYS:57	G1.H1.6	rgb(207, 112, 112)
A:GLN:58	G1.H1.7	rgb(207, 112, 112)
A:MET:59	G1.H1.8	rgb(207, 112, 112)
A:ARG:60	G1.H1.9	rgb(207, 112, 112)
A:ILE:61	G1.H1.10	rgb(207, 112, 112)
A:ILE:62	G1.H1.11	rgb(207, 112, 112)
A:HIS:63	G1.H1.12	rgb(207, 112, 112)
A:GLY:64	G1.h1ha.1	rgb(221, 230, 222)
A:SER:65	G1.h1ha.2	rgb(221, 230, 222)
A:GLY:66	G1.h1ha.3	rgb(221, 230, 222)
A:TYR:67	G1.h1ha.4	rgb(221, 230, 222)
A:SER:68	G1.h1ha.5	rgb(221, 230, 222)
A:ASP:69	H.HA.1	rgb(207, 112, 112)
A:GLU:70	H.HA.2	rgb(207, 112, 112)
A:ASP:71	H.HA.3	rgb(207, 112, 112)
A:LYS:72	H.HA.4	rgb(207, 112, 112)
A:ARG:73	H.HA.5	rgb(207, 112, 112)
A:GLY:74	H.HA.6	rgb(207, 112, 112)
A:PHE:75	H.HA.7	rgb(207, 112, 112)
A:THR:76	H.HA.8	rgb(207, 112, 112)
A:LYS:77	H.HA.9	rgb(207, 112, 112)
A:LEU:78	H.HA.10	rgb(207, 112, 112)
A:VAL:79	H.HA.11	rgb(207, 112, 112)
A:TYR:80	H.HA.12	rgb(207, 112, 112)
A:GLN:81	H.HA.13	rgb(207, 112, 112)
A:ASN:82	H.HA.14	rgb(207, 112, 112)
A:ILE:83	H.HA.15	rgb(207, 112, 112)
A:PHE:84	H.HA.16	rgb(207, 112, 112)
A:THR:85	H.HA.17	rgb(207, 112, 112)
A:ALA:86	H.HA.18	rgb(207, 112, 112)
A:MET:87	H.HA.19	rgb(207, 112, 112)
A:GLN:88	H.HA.20	rgb(207, 112, 112)
A:ALA:89	H.HA.21	rgb(207, 112, 112)
A:MET:90	H.HA.22	rgb(207, 112, 112)
A:ILE:91	H.HA.23	rgb(207, 112, 112)
A:ARG:92	H.HA.24	rgb(207, 112, 112)
A:ALA:93	H.HA.25	rgb(207, 112, 112)
A:MET:94	H.HA.26	rgb(207, 112, 112)
A:ASP:95	H.HA.27	rgb(207, 112, 112)
A:THR:96	H.HA.28	rgb(207, 112, 112)
A:LEU:97	H.HA.29	rgb(207, 112, 112)
A:LYS:98	H.hahb.1	rgb(221, 230, 222)
A:ILE:99	H.hahb.4	rgb(221, 230, 222)
A:PRO:100	H.hahb.5	rgb(221, 230, 222)
A:TYR:101	H.hahb.6	rgb(221, 230, 222)
A:LYS:102	H.hahb.7	rgb(221, 230, 222)
A:TYR:103	H.hahb.8	rgb(221, 230, 222)
A:GLU:104	H.hahb.9	rgb(221, 230, 222)
A:HIS:105	H.HB.1	rgb(207, 112, 112)
A:ASN:106	H.HB.2	rgb(207, 112, 112)
A:LYS:107	H.HB.3	rgb(207, 112, 112)
A:ALA:108	H.HB.4	rgb(207, 112, 112)
A:HIS:109	H.HB.5	rgb(207, 112, 112)
A:ALA:110	H.HB.6	rgb(207, 112, 112)
A:GLN:111	H.HB.7	rgb(207, 112, 112)
A:LEU:112	H.HB.8	rgb(207, 112, 112)
A:VAL:113	H.HB.9	rgb(207, 112, 112)
A:ARG:114	H.HB.10	rgb(207, 112, 112)
A:GLU:115	H.HB.11	rgb(207, 112, 112)
A:VAL:116	H.HB.12	rgb(207, 112, 112)
A:ASP:117	H.HB.13	rgb(207, 112, 112)
A:VAL:118	H.HB.14	rgb(207, 112, 112)
A:GLU:119	H.hbhc.1	rgb(221, 230, 222)
A:LYS:120	H.hbhc.2	rgb(221, 230, 222)
A:VAL:121	H.hbhc.3	rgb(221, 230, 222)
A:SER:122	H.hbhc.4	rgb(221, 230, 222)
A:ALA:123	H.hbhc.5	rgb(221, 230, 222)
A:PHE:124	H.hbhc.14	rgb(221, 230, 222)
A:GLU:125	H.hbhc.15	rgb(221, 230, 222)
A:ASN:126	H.HC.1	rgb(207, 112, 112)
A:PRO:127	H.HC.2	rgb(207, 112, 112)
A:TYR:128	H.HC.3	rgb(207, 112, 112)
A:VAL:129	H.HC.4	rgb(207, 112, 112)
A:ASP:130	H.HC.5	rgb(207, 112, 112)
A:ALA:131	H.HC.6	rgb(207, 112, 112)
A:ILE:132	H.HC.7	rgb(207, 112, 112)
A:LYS:133	H.HC.8	rgb(207, 112, 112)
A:SER:134	H.HC.9	rgb(207, 112, 112)
A:LEU:135	H.HC.10	rgb(207, 112, 112)
A:TRP:136	H.HC.11	rgb(207, 112, 112)
A:ASN:137	H.HC.12	rgb(207, 112, 112)
A:ASP:138	H.hchd.1	rgb(221, 230, 222)
A:PRO:139	H.HD.1	rgb(207, 112, 112)
A:GLY:140	H.HD.2	rgb(207, 112, 112)
A:ILE:141	H.HD.3	rgb(207, 112, 112)
A:GLN:142	H.HD.4	rgb(207, 112, 112)
A:GLU:143	H.HD.5	rgb(207, 112, 112)
A:CYS:144	H.HD.6	rgb(207, 112, 112)
A:TYR:145	H.HD.7	rgb(207, 112, 112)
A:ASP:146	H.HD.8	rgb(207, 112, 112)
A:ARG:147	H.HD.9	rgb(207, 112, 112)
A:ARG:148	H.HD.10	rgb(207, 112, 112)
A:ARG:149	H.HD.11	rgb(207, 112, 112)
A:GLU:150	H.HD.12	rgb(207, 112, 112)
A:TYR:151	H.hdhe.1	rgb(221, 230, 222)
A:GLN:152	H.hdhe.2	rgb(221, 230, 222)
A:LEU:153	H.hdhe.3	rgb(221, 230, 222)
A:SER:154	H.hdhe.4	rgb(221, 230, 222)
A:ASP:155	H.hdhe.5	rgb(221, 230, 222)
A:SER:156	H.HE.1	rgb(207, 112, 112)
A:THR:157	H.HE.2	rgb(207, 112, 112)
A:LYS:158	H.HE.3	rgb(207, 112, 112)
A:TYR:159	H.HE.4	rgb(207, 112, 112)
A:TYR:160	H.HE.5	rgb(207, 112, 112)
A:LEU:161	H.HE.6	rgb(207, 112, 112)
A:ASN:162	H.HE.7	rgb(207, 112, 112)
A:ASP:163	H.HE.8	rgb(207, 112, 112)
A:LEU:164	H.HE.9	rgb(207, 112, 112)
A:ASP:165	H.HE.10	rgb(207, 112, 112)
A:ARG:166	H.HE.11	rgb(207, 112, 112)
A:VAL:167	H.HE.12	rgb(207, 112, 112)
A:ALA:168	H.HE.13	rgb(207, 112, 112)
A:ASP:169	H.hehf.1	rgb(221, 230, 222)
A:PRO:170	H.hehf.2	rgb(221, 230, 222)
A:SER:171	H.hehf.3	rgb(221, 230, 222)
A:TYR:172	H.hehf.4	rgb(221, 230, 222)
A:LEU:173	H.hehf.5	rgb(221, 230, 222)
A:PRO:174	H.hehf.6	rgb(221, 230, 222)
A:THR:175	H.hehf.7	rgb(221, 230, 222)
A:GLN:176	H.HF.1	rgb(207, 112, 112)
A:GLN:177	H.HF.2	rgb(207, 112, 112)
A:ASP:178	H.HF.3	rgb(207, 112, 112)
A:VAL:179	H.HF.4	rgb(207, 112, 112)
A:LEU:180	H.HF.5	rgb(207, 112, 112)
A:ARG:181	H.HF.6	rgb(207, 112, 112)
A:VAL:182	G2.hfs2.1	rgb(221, 230, 222)
A:ARG:183	G2.hfs2.2	rgb(221, 230, 222)
A:VAL:184	G2.hfs2.3	rgb(221, 230, 222)
A:PRO:185	G2.hfs2.4	rgb(221, 230, 222)
A:THR:186	G2.hfs2.5	rgb(221, 230, 222)
A:THR:187	G2.hfs2.6	rgb(221, 230, 222)
A:GLY:188	G2.hfs2.7	rgb(221, 230, 222)
A:ILE:189	G2.S2.1	rgb(226, 223, 147)
A:ILE:190	G2.S2.2	rgb(226, 223, 147)
A:GLU:191	G2.S2.3	rgb(226, 223, 147)
A:TYR:192	G2.S2.4	rgb(226, 223, 147)
A:PRO:193	G2.S2.5	rgb(226, 223, 147)
A:PHE:194	G2.S2.6	rgb(226, 223, 147)
A:ASP:195	G2.S2.7	rgb(226, 223, 147)
A:LEU:196	G2.S2.8	rgb(226, 223, 147)
A:GLN:197	G2.s2s3.1	rgb(221, 230, 222)
A:SER:198	G2.s2s3.2	rgb(221, 230, 222)
A:VAL:199	G2.S3.1	rgb(226, 223, 147)
A:ILE:200	G2.S3.2	rgb(226, 223, 147)
A:PHE:201	G2.S3.3	rgb(226, 223, 147)
A:ARG:202	G2.S3.4	rgb(226, 223, 147)
A:MET:203	G2.S3.5	rgb(226, 223, 147)
A:VAL:204	G2.S3.6	rgb(226, 223, 147)
A:ASP:205	G2.S3.7	rgb(226, 223, 147)
A:VAL:206	G2.S3.8	rgb(226, 223, 147)
A:GLY:207	G2.s3h2.1	rgb(221, 230, 222)
A:GLY:208	G2.s3h2.2	rgb(221, 230, 222)
A:GLN:209	G2.s3h2.3	rgb(221, 230, 222)
A:ARG:210	G2.H2.1	rgb(207, 112, 112)
A:SER:211	G2.H2.2	rgb(207, 112, 112)
A:GLU:212	G2.H2.3	rgb(207, 112, 112)
A:ARG:213	G2.H2.4	rgb(207, 112, 112)
A:ARG:214	G2.H2.5	rgb(207, 112, 112)
A:LYS:215	G2.H2.6	rgb(207, 112, 112)
A:TRP:216	G2.H2.7	rgb(207, 112, 112)
A:ILE:217	G2.H2.8	rgb(207, 112, 112)
A:HIS:218	G2.H2.9	rgb(207, 112, 112)
A:CYS:219	G2.H2.10	rgb(207, 112, 112)
A:PHE:220	G2.h2s4.1	rgb(221, 230, 222)
A:GLU:221	G2.h2s4.2	rgb(221, 230, 222)
A:ASN:222	G2.h2s4.3	rgb(221, 230, 222)
A:VAL:223	G2.h2s4.4	rgb(221, 230, 222)
A:THR:224	G2.h2s4.5	rgb(221, 230, 222)
A:SER:225	G2.S4.1	rgb(226, 223, 147)
A:ILE:226	G2.S4.2	rgb(226, 223, 147)
A:MET:227	G2.S4.3	rgb(226, 223, 147)
A:PHE:228	G2.S4.4	rgb(226, 223, 147)
A:LEU:229	G2.S4.5	rgb(226, 223, 147)
A:VAL:230	G2.S4.6	rgb(226, 223, 147)
A:ALA:231	G2.S4.7	rgb(226, 223, 147)
A:LEU:232	G2.s4h3.1	rgb(221, 230, 222)
A:SER:233	G2.s4h3.2	rgb(221, 230, 222)
A:GLU:234	G2.s4h3.3	rgb(221, 230, 222)
A:TYR:235	G2.s4h3.4	rgb(221, 230, 222)
A:ASP:236	G2.s4h3.5	rgb(221, 230, 222)
A:GLN:237	G2.s4h3.6	rgb(221, 230, 222)
A:VAL:238	G2.s4h3.7	rgb(221, 230, 222)
A:LEU:239	G2.s4h3.8	rgb(221, 230, 222)
A:VAL:240	G2.s4h3.9	rgb(221, 230, 222)
A:GLU:241	G2.s4h3.10	rgb(221, 230, 222)
A:SER:242	G2.s4h3.11	rgb(221, 230, 222)
A:ASP:243	G2.s4h3.12	rgb(221, 230, 222)
A:ASN:244	G2.s4h3.13	rgb(221, 230, 222)
A:GLU:245	G2.s4h3.14	rgb(221, 230, 222)
A:ASN:246	G2.s4h3.15	rgb(221, 230, 222)
A:ARG:247	G2.H3.1	rgb(207, 112, 112)
A:MET:248	G2.H3.2	rgb(207, 112, 112)
A:GLU:249	G2.H3.3	rgb(207, 112, 112)
A:GLU:250	G2.H3.4	rgb(207, 112, 112)
A:SER:251	G2.H3.5	rgb(207, 112, 112)
A:LYS:252	G2.H3.6	rgb(207, 112, 112)
A:ALA:253	G2.H3.7	rgb(207, 112, 112)
A:LEU:254	G2.H3.8	rgb(207, 112, 112)
A:PHE:255	G2.H3.9	rgb(207, 112, 112)
A:ARG:256	G2.H3.10	rgb(207, 112, 112)
A:THR:257	G2.H3.11	rgb(207, 112, 112)
A:ILE:258	G2.H3.12	rgb(207, 112, 112)
A:ILE:259	G2.H3.13	rgb(207, 112, 112)
A:THR:260	G2.H3.14	rgb(207, 112, 112)
A:TYR:261	G2.H3.15	rgb(207, 112, 112)
A:PRO:262	G2.H3.16	rgb(207, 112, 112)
A:TRP:263	G2.H3.17	rgb(207, 112, 112)
A:PHE:264	G2.H3.18	rgb(207, 112, 112)
A:GLN:265	G2.h3s5.1	rgb(221, 230, 222)
A:ASN:266	G2.h3s5.2	rgb(221, 230, 222)
A:SER:267	G2.h3s5.3	rgb(221, 230, 222)
A:SER:268	G2.S5.1	rgb(226, 223, 147)
A:VAL:269	G2.S5.2	rgb(226, 223, 147)
A:ILE:270	G2.S5.3	rgb(226, 223, 147)
A:LEU:271	G2.S5.4	rgb(226, 223, 147)
A:PHE:272	G2.S5.5	rgb(226, 223, 147)
A:LEU:273	G2.S5.6	rgb(226, 223, 147)
A:ASN:274	G2.S5.7	rgb(226, 223, 147)
A:LYS:275	G2.s5hg.1	rgb(221, 230, 222)
A:LYS:276	G2.HG.1	rgb(207, 112, 112)
A:ASP:277	G2.HG.2	rgb(207, 112, 112)
A:LEU:278	G2.HG.3	rgb(207, 112, 112)
A:LEU:279	G2.HG.4	rgb(207, 112, 112)
A:GLU:280	G2.HG.5	rgb(207, 112, 112)
A:GLU:281	G2.HG.6	rgb(207, 112, 112)
A:LYS:282	G2.HG.7	rgb(207, 112, 112)
A:ILE:283	G2.HG.8	rgb(207, 112, 112)
A:MET:284	G2.HG.9	rgb(207, 112, 112)
A:TYR:285	G2.HG.12	rgb(207, 112, 112)
A:SER:286	G2.HG.13	rgb(207, 112, 112)
A:HIS:287	G2.HG.14	rgb(207, 112, 112)
A:LEU:288	G2.HG.15	rgb(207, 112, 112)
A:VAL:289	G2.HG.16	rgb(207, 112, 112)
A:ASP:290	G2.HG.17	rgb(207, 112, 112)
A:TYR:291	G2.hgh4.1	rgb(221, 230, 222)
A:PHE:292	G2.hgh4.2	rgb(221, 230, 222)
A:PRO:293	G2.hgh4.3	rgb(221, 230, 222)
A:GLU:294	G2.hgh4.4	rgb(221, 230, 222)
A:TYR:295	G2.hgh4.5	rgb(221, 230, 222)
A:ASP:296	G2.hgh4.6	rgb(221, 230, 222)
A:GLY:297	G2.hgh4.7	rgb(221, 230, 222)
A:PRO:298	G2.hgh4.8	rgb(221, 230, 222)
A:GLN:299	G2.hgh4.9	rgb(221, 230, 222)
A:ARG:300	G2.hgh4.10	rgb(221, 230, 222)
A:ASP:301	G2.H4.1	rgb(207, 112, 112)
A:ALA:302	G2.H4.2	rgb(207, 112, 112)
A:GLN:303	G2.H4.3	rgb(207, 112, 112)
A:ALA:304	G2.H4.4	rgb(207, 112, 112)
A:ALA:305	G2.H4.5	rgb(207, 112, 112)
A:ARG:306	G2.H4.6	rgb(207, 112, 112)
A:GLU:307	G2.H4.7	rgb(207, 112, 112)
A:PHE:308	G2.H4.20	rgb(207, 112, 112)
A:ILE:309	G2.H4.21	rgb(207, 112, 112)
A:LEU:310	G2.H4.22	rgb(207, 112, 112)
A:LYS:311	G2.H4.23	rgb(207, 112, 112)
A:MET:312	G2.H4.24	rgb(207, 112, 112)
A:PHE:313	G2.H4.25	rgb(207, 112, 112)
A:VAL:314	G2.H4.26	rgb(207, 112, 112)
A:ASP:315	G2.H4.27	rgb(207, 112, 112)
A:LEU:316	G2.h4s6.1	rgb(221, 230, 222)
A:ASN:317	G2.h4s6.8	rgb(221, 230, 222)
A:PRO:318	G2.h4s6.9	rgb(221, 230, 222)
A:ASP:319	G2.h4s6.10	rgb(221, 230, 222)
A:SER:320	G2.h4s6.11	rgb(221, 230, 222)
A:ASP:321	G2.h4s6.12	rgb(221, 230, 222)
A:LYS:322	G2.h4s6.13	rgb(221, 230, 222)
A:ILE:323	G2.h4s6.20	rgb(221, 230, 222)
A:ILE:324	G2.S6.1	rgb(226, 223, 147)
A:TYR:325	G2.S6.2	rgb(226, 223, 147)
A:SER:326	G2.S6.3	rgb(226, 223, 147)
A:HIS:327	G2.S6.4	rgb(226, 223, 147)
A:PHE:328	G2.S6.5	rgb(226, 223, 147)
A:THR:329	G2.s6h5.1	rgb(221, 230, 222)
A:CYS:330	G2.s6h5.2	rgb(221, 230, 222)
A:ALA:331	G2.s6h5.3	rgb(221, 230, 222)
A:THR:332	G2.s6h5.4	rgb(221, 230, 222)
A:ASP:333	G2.s6h5.5	rgb(221, 230, 222)
A:THR:334	G2.H5.1	rgb(207, 112, 112)
A:GLU:335	G2.H5.2	rgb(207, 112, 112)
A:ASN:336	G2.H5.3	rgb(207, 112, 112)
A:ILE:337	G2.H5.4	rgb(207, 112, 112)
A:ARG:338	G2.H5.5	rgb(207, 112, 112)
A:PHE:339	G2.H5.6	rgb(207, 112, 112)
A:VAL:340	G2.H5.7	rgb(207, 112, 112)
A:PHE:341	G2.H5.8	rgb(207, 112, 112)
A:ALA:342	G2.H5.9	rgb(207, 112, 112)
A:ALA:343	G2.H5.10	rgb(207, 112, 112)
A:VAL:344	G2.H5.11	rgb(207, 112, 112)
A:LYS:345	G2.H5.12	rgb(207, 112, 112)
A:ASP:346	G2.H5.13	rgb(207, 112, 112)
A:THR:347	G2.H5.14	rgb(207, 112, 112)
A:ILE:348	G2.H5.15	rgb(207, 112, 112)
A:LEU:349	G2.H5.16	rgb(207, 112, 112)
A:GLN:350	G2.H5.17	rgb(207, 112, 112)
A:LEU:351	G2.H5.18	rgb(207, 112, 112)
A:ASN:352	G2.H5.19	rgb(207, 112, 112)
A:LEU:353	G2.H5.20	rgb(207, 112, 112)
A:LYS:354	G2.H5.21	rgb(207, 112, 112)
